{
  "field_recall_by_model": {
    "gpt-5-nano": {
      "generator.group": 0.8507462686567164,
      "basic_data.cell_line_alt_name": 0.43333333333333335,
      "basic_data.cell_type": 0.9850746268656716,
      "basic_data.frozen": 0.6268656716417911,
      "basic_data.hpscreg_name": 1.0,
      "differentiation_results.show_potency": 0.31521739130434784,
      "differentiation_results.cell_type": 0.4945652173913043,
      "differentiation_results.marker_list": 0.3216374269005848,
      "ethics.institutional_HREC": 0.3283582089552239,
      "ethics.approval_date": 0.0,
      "ethics.ethics_number": 0.3283582089552239,
      "publications.last_author": 0.8636363636363636,
      "publications.year": 1.0,
      "publications.first_author": 0.6818181818181818,
      "publications.doi": 0.9090909090909091,
      "publications.journal": 1.0,
      "publications.pmid": 0.0,
      "publications.title": 0.9545454545454546,
      "culture_medium.passage_method": 0.07462686567164178,
      "genomic_characterisation.karyotype": 0.12307692307692308,
      "genomic_characterisation.karyotype_method": 0.03076923076923077,
      "induced_derivation.non_int_vector": 0.25,
      "differentiation_results.method_used": 0.275,
      "contact.first_name": 0.7272727272727273,
      "contact.e_mail": 0.7272727272727273,
      "contact.last_name": 0.7818181818181819,
      "contact.group": 0.23636363636363636,
      "contact.name_initials": 0.34210526315789475,
      "donor.sex": 0.024390243902439025,
      "donor.age": 0.0,
      "donor.disease_name": 0.7073170731707317,
      "genomic_characterisation.summary": 0.0,
      "induced_derivation.i_source_cell_type_id": 0.0,
      "induced_derivation.i_source_cell_origin_term": 0.8974358974358975,
      "induced_derivation.derivation_year": 0.175,
      "induced_derivation.non_int_vector_name": 0.5128205128205128,
      "induced_derivation.i_source_cell_type_term": 0.8974358974358975,
      "induced_derivation.i_source_cell_origin_id": 0.0,
      "culture_medium.co2_concentration": 0.55,
      "genomic_characterisation.passage_number": 0.1111111111111111,
      "donor.disease_description": 0.0,
      "genomic_modifications.description": 0.0,
      "genomic_modifications.loci_name": 0.3333333333333333,
      "genomic_modifications.mutation_type": 0.3333333333333333,
      "genomic_modifications.cytoband": 0.0,
      "culture_medium.o2_concentration": 0.25
    },
    "gpt-5": {
      "basic_data.cell_line_alt_name": 0.5416666666666666,
      "basic_data.cell_type": 1.0,
      "basic_data.frozen": 0.5974025974025974,
      "basic_data.hpscreg_name": 1.0,
      "differentiation_results.show_potency": 0.5588235294117647,
      "differentiation_results.cell_type": 0.9033613445378151,
      "differentiation_results.marker_list": 0.7105263157894737,
      "ethics.institutional_HREC": 0.4025974025974026,
      "ethics.approval_date": 0.0,
      "ethics.ethics_number": 0.4155844155844156,
      "publications.last_author": 0.9642857142857143,
      "publications.year": 1.0,
      "publications.first_author": 0.8928571428571429,
      "publications.doi": 1.0,
      "publications.journal": 1.0,
      "publications.pmid": 0.0,
      "publications.title": 1.0,
      "generator.group": 0.935064935064935,
      "donor.sex": 0.0,
      "donor.age": 0.0,
      "donor.disease_description": 0.0,
      "donor.disease_name": 0.8823529411764706,
      "culture_medium.co2_concentration": 0.9761904761904762,
      "culture_medium.o2_concentration": 0.0,
      "culture_medium.passage_method": 0.4675324675324675,
      "genomic_modifications.description": 0.0,
      "genomic_modifications.loci_name": 1.0,
      "genomic_modifications.cytoband": 0.16666666666666666,
      "genomic_modifications.mutation_type": 0.8333333333333334,
      "genomic_characterisation.passage_number": 0.4883720930232558,
      "genomic_characterisation.karyotype": 0.5131578947368421,
      "genomic_characterisation.karyotype_method": 0.5,
      "induced_derivation.non_int_vector": 0.33783783783783783,
      "differentiation_results.method_used": 0.7756410256410257,
      "contact.first_name": 0.8153846153846154,
      "contact.e_mail": 0.8153846153846154,
      "contact.last_name": 0.8153846153846154,
      "contact.group": 0.015384615384615385,
      "contact.name_initials": 0.7777777777777778,
      "genomic_characterisation.summary": 0.0,
      "induced_derivation.i_source_cell_type_id": 0.0,
      "induced_derivation.i_source_cell_origin_term": 1.0,
      "induced_derivation.derivation_year": 0.0,
      "induced_derivation.non_int_vector_name": 0.5813953488372093,
      "induced_derivation.i_source_cell_type_term": 1.0,
      "induced_derivation.i_source_cell_origin_id": 0.0,
      "genomic_modifications.delivery_method": 1.0,
      "genomic_modifications.genotype": 0.0
    },
    "gpt-4.1-nano": {
      "generator.group": 0.5357142857142857,
      "basic_data.cell_line_alt_name": 0.1568627450980392,
      "basic_data.cell_type": 1.0,
      "basic_data.frozen": 0.5,
      "basic_data.hpscreg_name": 0.9821428571428571,
      "differentiation_results.show_potency": 0.08875739644970414,
      "differentiation_results.cell_type": 0.10650887573964497,
      "differentiation_results.marker_list": 0.031446540880503145,
      "donor.sex": 0.20512820512820512,
      "donor.age": 0.02564102564102564,
      "donor.disease_description": 0.0,
      "donor.disease_name": 0.8205128205128205,
      "ethics.institutional_HREC": 0.017857142857142856,
      "ethics.approval_date": 0.0,
      "ethics.ethics_number": 0.017857142857142856,
      "publications.last_author": 0.125,
      "publications.year": 0.9583333333333334,
      "publications.first_author": 1.0,
      "publications.doi": 1.0,
      "publications.journal": 1.0,
      "publications.pmid": 0.0,
      "publications.title": 1.0,
      "genomic_modifications.description": 0.0,
      "genomic_modifications.loci_name": 1.0,
      "genomic_modifications.cytoband": 0.0,
      "genomic_modifications.mutation_type": 1.0,
      "culture_medium.co2_concentration": 0.0,
      "culture_medium.o2_concentration": 0.0,
      "culture_medium.passage_method": 0.0,
      "genomic_characterisation.passage_number": 0.02857142857142857,
      "genomic_characterisation.karyotype": 0.23636363636363636,
      "genomic_characterisation.karyotype_method": 0.0,
      "induced_derivation.non_int_vector": 0.03773584905660377,
      "differentiation_results.method_used": 0.1414141414141414,
      "contact.first_name": 0.3902439024390244,
      "contact.e_mail": 0.4146341463414634,
      "contact.last_name": 0.43902439024390244,
      "contact.group": 0.0,
      "contact.name_initials": 0.0,
      "genomic_characterisation.summary": 0.04,
      "induced_derivation.i_source_cell_type_id": 0.0,
      "induced_derivation.i_source_cell_origin_term": 0.21739130434782608,
      "induced_derivation.derivation_year": 0.03571428571428571,
      "induced_derivation.non_int_vector_name": 0.18518518518518517,
      "induced_derivation.i_source_cell_type_term": 0.21739130434782608,
      "induced_derivation.i_source_cell_origin_id": 0.0
    },
    "gpt-5-mini": {
      "basic_data.cell_line_alt_name": 0.6206896551724138,
      "basic_data.cell_type": 0.9893617021276596,
      "basic_data.frozen": 0.5425531914893617,
      "basic_data.hpscreg_name": 1.0,
      "differentiation_results.show_potency": 0.5239852398523985,
      "differentiation_results.cell_type": 0.9704797047970479,
      "differentiation_results.marker_list": 0.6730769230769231,
      "ethics.institutional_HREC": 0.5425531914893617,
      "ethics.approval_date": 0.0,
      "ethics.ethics_number": 0.5425531914893617,
      "publications.last_author": 0.8571428571428571,
      "publications.year": 1.0,
      "publications.first_author": 0.8571428571428571,
      "publications.doi": 1.0,
      "publications.journal": 1.0,
      "publications.pmid": 0.0,
      "publications.title": 1.0,